Locale,Tag,Environment,appinfra.testing,appinfra.testing.kindex,appinfra.testing1,appinfra.testing1.kindex
ar_RW,apps++env+acc,Acceptance,https://philips.com,https://philips.com/0,https://d1lqe9temigv1p.cloudfront77001.net,https://philips.com/0
ar_RW,apps++env+dev,Development,https://philips.com,https://philips.com/1,https://d1lqe9temigv1p.cloudfront.net,https://philips.com/1
ar_RW,apps++env+prod,Production,https://philips.com,https://philips.com/2,https://d1lqe9temigv1p.cloudfront.net,https://philips.com/2
ar_RW,apps++env+stage,Staging,https://philips.com,https://philips.com/0,https://d1lqe9temigv1p.cloudfront.net,https://philips.com/0
ar_RW,apps++env+test,Testing,https://philips.com,https://philips.com/0,https://d1lqe9temigv1p.cloudfront.net,https://philips.com/0
bg_BG,apps++env+acc,Acceptance,https://philips.com,https://philips.com/0,https://d1lqe9temigv1p.cloudfront.net,https://philips.com/0
bg_BG,apps++env+dev,Development,https://philips.com,https://philips.com/0,https://d1lqe9temigv1p.cloudfront.net,https://philips.com/0
bg_BG,apps++env+prod,Production,https://philips.com,https://philips.com/0,https://d1lqe9temigv1p.cloudfront.net,https://philips.com/0
bg_BG,apps++env+stage,Staging,https://philips.com,https://philips.com/0,https://d1lqe9temigv1p.cloudfront.net,https://philips.com/0
bg_BG,apps++env+test,Testing,https://philips.com,https://philips.com/0,https://d1lqe9temigv1p.cloudfront.net,https://philips.com/0
cs_CZ,apps++env+acc,Acceptance,https://philips.com,https://philips.com/0,https://d1lqe9temigv1p.cloudfront.net,https://philips.com/0
cs_CZ,apps++env+dev,Development,https://philips.com,https://philips.com/0,https://d1lqe9temigv1p.cloudfront.net,https://philips.com/0
cs_CZ,apps++env+prod,Production,https://philips.com,https://philips.com/0,https://d1lqe9temigv1p.cloudfront.net,https://philips.com/0
cs_CZ,apps++env+stage,Staging,https://philips.com,https://philips.com/0,https://d1lqe9temigv1p.cloudfront.net,https://philips.com/0
cs_CZ,apps++env+test,Testing,https://philips.com,https://philips.com/0,https://d1lqe9temigv1p.cloudfront.net,https://philips.com/0
da_DK,apps++env+acc,Acceptance,https://philips.com,https://philips.com/0,https://d1lqe9temigv1p.cloudfront.net,https://philips.com/0
da_DK,apps++env+dev,Development,https://philips.com,https://philips.com/0,https://d1lqe9temigv1p.cloudfront.net,https://philips.com/0
da_DK,apps++env+prod,Production,https://philips.com,https://philips.com/0,https://d1lqe9temigv1p.cloudfront.net,https://philips.com/0
da_DK,apps++env+stage,Staging,https://philips.com,https://philips.com/0,https://d1lqe9temigv1p.cloudfront.net,https://philips.com/0
da_DK,apps++env+test,Testing,https://philips.com,https://philips.com/0,https://d1lqe9temigv1p.cloudfront.net,https://philips.com/0
de_AT,apps++env+acc,Acceptance,https://philips.com,https://philips.com/0,https://d1lqe9temigv1p.cloudfront.net,https://philips.com/0
de_AT,apps++env+dev,Development,https://philips.com,https://philips.com/0,https://d1lqe9temigv1p.cloudfront.net,https://philips.com/0
de_AT,apps++env+prod,Production,https://philips.com,https://philips.com/0,https://d1lqe9temigv1p.cloudfront.net,https://philips.com/0
de_AT,apps++env+stage,Staging,https://philips.com,https://philips.com/0,https://d1lqe9temigv1p.cloudfront.net,https://philips.com/0
de_AT,apps++env+test,Testing,https://philips.com,https://philips.com/0,https://d1lqe9temigv1p.cloudfront.net,https://philips.com/0
de_CH,apps++env+acc,Acceptance,https://philips.com,https://philips.com/0,https://d1lqe9temigv1p.cloudfront.net,https://philips.com/0
de_CH,apps++env+dev,Development,https://philips.com,https://philips.com/0,https://d1lqe9temigv1p.cloudfront.net,https://philips.com/0
de_CH,apps++env+prod,Production,https://philips.com,https://philips.com/0,https://d1lqe9temigv1p.cloudfront.net,https://philips.com/0
de_CH,apps++env+stage,Staging,https://philips.com,https://philips.com/0,https://d1lqe9temigv1p.cloudfront.net,https://philips.com/0
de_CH,apps++env+test,Testing,https://philips.com,https://philips.com/0,https://d1lqe9temigv1p.cloudfront.net,https://philips.com/0
de_DE,apps++env+acc,Acceptance,https://philips.com,https://philips.com/0,https://d1lqe9temigv1p.cloudfront.net,https://philips.com/0
de_DE,apps++env+dev,Development,https://philips.com,https://philips.com/0,https://d1lqe9temigv1p.cloudfront.net,https://philips.com/0
de_DE,apps++env+prod,Production,https://philips.com,https://philips.com/0,https://d1lqe9temigv1p.cloudfront.net,https://philips.com/0
de_DE,apps++env+stage,Staging,https://philips.com,https://philips.com/0,https://d1lqe9temigv1p.cloudfront.net,https://philips.com/0
de_DE,apps++env+test,Testing,https://philips.com,https://philips.com/0,https://d1lqe9temigv1p.cloudfront.net,https://philips.com/0
el_GR,apps++env+acc,Acceptance,https://philips.com,https://philips.com/0,https://d1lqe9temigv1p.cloudfront.net,https://philips.com/0
el_GR,apps++env+dev,Development,https://philips.com,https://philips.com/0,https://d1lqe9temigv1p.cloudfront.net,https://philips.com/0
el_GR,apps++env+prod,Production,https://philips.com,https://philips.com/0,https://d1lqe9temigv1p.cloudfront.net,https://philips.com/0
el_GR,apps++env+stage,Staging,https://philips.com,https://philips.com/0,https://d1lqe9temigv1p.cloudfront.net,https://philips.com/0
el_GR,apps++env+test,Testing,https://philips.com,https://philips.com/0,https://d1lqe9temigv1p.cloudfront.net,https://philips.com/0
en_AU,apps++env+acc,Acceptance,https://philips.com,https://philips.com/0,https://d1lqe9temigv1p.cloudfront.net,https://philips.com/0
en_AU,apps++env+dev,Development,https://philips.com,https://philips.com/0,https://d1lqe9temigv1p.cloudfront.net,https://philips.com/0
en_AU,apps++env+prod,Production,https://philips.com,https://philips.com/0,https://d1lqe9temigv1p.cloudfront.net,https://philips.com/0
en_AU,apps++env+stage,Staging,https://philips.com,https://philips.com/0,https://d1lqe9temigv1p.cloudfront.net,https://philips.com/0
en_AU,apps++env+test,Testing,https://philips.com,https://philips.com/0,https://d1lqe9temigv1p.cloudfront.net,https://philips.com/0
en_CA,apps++env+acc,Acceptance,https://philips.com,https://philips.com/0,https://d1lqe9temigv1p.cloudfront.net,https://philips.com/0
en_CA,apps++env+dev,Development,https://philips.com,https://philips.com/0,https://d1lqe9temigv1p.cloudfront.net,https://philips.com/0
en_CA,apps++env+prod,Production,https://philips.com,https://philips.com/0,https://d1lqe9temigv1p.cloudfront.net,https://philips.com/0
en_CA,apps++env+stage,Staging,https://philips.com,https://philips.com/0,https://d1lqe9temigv1p.cloudfront.net,https://philips.com/0
en_CA,apps++env+test,Testing,https://philips.com,https://philips.com/0,https://d1lqe9temigv1p.cloudfront.net,https://philips.com/0
en_GB,apps++env+acc,Acceptance,https://philips.com,https://philips.com/0,https://d1lqe9temigv1p.cloudfront.net,https://philips.com/0
en_GB,apps++env+dev,Development,https://philips.com,https://philips.com/0,https://d1lqe9temigv1p.cloudfront.net,https://philips.com/0
en_GB,apps++env+prod,Production,https://philips.com,https://philips.com/0,https://d1lqe9temigv1p.cloudfront.net,https://philips.com/0
en_GB,apps++env+stage,Staging,https://philips.com,https://philips.com/0,https://d1lqe9temigv1p.cloudfront.net,https://philips.com/0
en_GB,apps++env+test,Testing,https://philips.com,https://philips.com/0,https://d1lqe9temigv1p.cloudfront.net,https://philips.com/0
en_HK,apps++env+acc,Acceptance,https://philips.com,https://philips.com/0,https://d1lqe9temigv1p.cloudfront.net,https://philips.com/0
en_HK,apps++env+dev,Development,https://philips.com,https://philips.com/0,https://d1lqe9temigv1p.cloudfront.net,https://philips.com/0
en_HK,apps++env+prod,Production,https://philips.com,https://philips.com/0,https://d1lqe9temigv1p.cloudfront.net,https://philips.com/0
en_HK,apps++env+stage,Staging,https://philips.com,https://philips.com/0,https://d1lqe9temigv1p.cloudfront.net,https://philips.com/0
en_HK,apps++env+test,Testing,https://philips.com,https://philips.com/0,https://d1lqe9temigv1p.cloudfront.net,https://philips.com/0
en_ID,apps++env+acc,Acceptance,https://philips.com,https://philips.com/0,https://d1lqe9temigv1p.cloudfront.net,https://philips.com/0
en_ID,apps++env+dev,Development,https://philips.com,https://philips.com/0,https://d1lqe9temigv1p.cloudfront.net,https://philips.com/0
en_ID,apps++env+prod,Production,https://philips.com,https://philips.com/0,https://d1lqe9temigv1p.cloudfront.net,https://philips.com/0
en_ID,apps++env+stage,Staging,https://philips.com,https://philips.com/0,https://d1lqe9temigv1p.cloudfront.net,https://philips.com/0
en_ID,apps++env+test,Testing,https://philips.com,https://philips.com/0,https://d1lqe9temigv1p.cloudfront.net,https://philips.com/0
en_IE,apps++env+acc,Acceptance,https://philips.com,https://philips.com/0,https://d1lqe9temigv1p.cloudfront.net,https://philips.com/0
en_IE,apps++env+dev,Development,https://philips.com,https://philips.com/0,https://d1lqe9temigv1p.cloudfront.net,https://philips.com/0
en_IE,apps++env+prod,Production,https://philips.com,https://philips.com/0,https://d1lqe9temigv1p.cloudfront.net,https://philips.com/0
en_IE,apps++env+stage,Staging,https://philips.com,https://philips.com/0,https://d1lqe9temigv1p.cloudfront.net,https://philips.com/0
en_IE,apps++env+test,Testing,https://philips.com,https://philips.com/0,https://d1lqe9temigv1p.cloudfront.net,https://philips.com/0
en_IN,apps++env+acc,Acceptance,https://philips.com,https://philips.com/0,https://d1lqe9temigv1p.cloudfront.net,https://philips.com/0
en_IN,apps++env+dev,Development,https://philips.com,https://philips.com/0,https://d1lqe9temigv1p.cloudfront.net,https://philips.com/0
en_IN,apps++env+prod,Production,https://philips.com,https://philips.com/0,https://d1lqe9temigv1p.cloudfront.net,https://philips.com/0
en_IN,apps++env+stage,Staging,https://philips.com,https://philips.com/0,https://d1lqe9temigv1p.cloudfront.net,https://philips.com/0
en_IN,apps++env+test,Testing,https://philips.com,https://philips.com/0,https://d1lqe9temigv1p.cloudfront.net,https://philips.com/0
en_MY,apps++env+acc,Acceptance,https://philips.com,https://philips.com/0,https://d1lqe9temigv1p.cloudfront.net,https://philips.com/0
en_MY,apps++env+dev,Development,https://philips.com,https://philips.com/0,https://d1lqe9temigv1p.cloudfront.net,https://philips.com/0
en_MY,apps++env+prod,Production,https://philips.com,https://philips.com/0,https://d1lqe9temigv1p.cloudfront.net,https://philips.com/0
en_MY,apps++env+stage,Staging,https://philips.com,https://philips.com/0,https://d1lqe9temigv1p.cloudfront.net,https://philips.com/0
en_MY,apps++env+test,Testing,https://philips.com,https://philips.com/0,https://d1lqe9temigv1p.cloudfront.net,https://philips.com/0
en_NZ,apps++env+acc,Acceptance,https://philips.com,https://philips.com/0,https://d1lqe9temigv1p.cloudfront.net,https://philips.com/0
en_NZ,apps++env+dev,Development,https://philips.com,https://philips.com/0,https://d1lqe9temigv1p.cloudfront.net,https://philips.com/0
en_NZ,apps++env+prod,Production,https://philips.com,https://philips.com/0,https://d1lqe9temigv1p.cloudfront.net,https://philips.com/0
en_NZ,apps++env+stage,Staging,https://philips.com,https://philips.com/0,https://d1lqe9temigv1p.cloudfront.net,https://philips.com/0
en_NZ,apps++env+test,Testing,https://philips.com,https://philips.com/0,https://d1lqe9temigv1p.cloudfront.net,https://philips.com/0
en_PH,apps++env+acc,Acceptance,https://philips.com,https://philips.com/0,https://d1lqe9temigv1p.cloudfront.net,https://philips.com/0
en_PH,apps++env+dev,Development,https://philips.com,https://philips.com/0,https://d1lqe9temigv1p.cloudfront.net,https://philips.com/0
en_PH,apps++env+prod,Production,https://philips.com,https://philips.com/0,https://d1lqe9temigv1p.cloudfront.net,https://philips.com/0
en_PH,apps++env+stage,Staging,https://philips.com,https://philips.com/0,https://d1lqe9temigv1p.cloudfront.net,https://philips.com/0
en_PH,apps++env+test,Testing,https://philips.com,https://philips.com/0,https://d1lqe9temigv1p.cloudfront.net,https://philips.com/0
en_PK,apps++env+acc,Acceptance,https://philips.com,https://philips.com/0,https://d1lqe9temigv1p.cloudfront.net,https://philips.com/0
en_PK,apps++env+dev,Development,https://philips.com,https://philips.com/0,https://d1lqe9temigv1p.cloudfront.net,https://philips.com/0
en_PK,apps++env+prod,Production,https://philips.com,https://philips.com/0,https://d1lqe9temigv1p.cloudfront.net,https://philips.com/0
en_PK,apps++env+stage,Staging,https://philips.com,https://philips.com/0,https://d1lqe9temigv1p.cloudfront.net,https://philips.com/0
en_PK,apps++env+test,Testing,https://philips.com,https://philips.com/0,https://d1lqe9temigv1p.cloudfront.net,https://philips.com/0
en_SA,apps++env+acc,Acceptance,https://philips.com,https://philips.com/0,https://d1lqe9temigv1p.cloudfront.net,https://philips.com/0
en_SA,apps++env+dev,Development,https://philips.com,https://philips.com/0,https://d1lqe9temigv1p.cloudfront.net,https://philips.com/0
en_SA,apps++env+prod,Production,https://philips.com,https://philips.com/0,https://d1lqe9temigv1p.cloudfront.net,https://philips.com/0
en_SA,apps++env+stage,Staging,https://philips.com,https://philips.com/0,https://d1lqe9temigv1p.cloudfront.net,https://philips.com/0
en_SA,apps++env+test,Testing,https://philips.com,https://philips.com/0,https://d1lqe9temigv1p.cloudfront.net,https://philips.com/0
en_SG,apps++env+acc,Acceptance,https://philips.com,https://philips.com/0,https://d1lqe9temigv1p.cloudfront.net,https://philips.com/0
en_SG,apps++env+dev,Development,https://philips.com,https://philips.com/0,https://d1lqe9temigv1p.cloudfront.net,https://philips.com/0
en_SG,apps++env+prod,Production,https://philips.com,https://philips.com/0,https://d1lqe9temigv1p.cloudfront.net,https://philips.com/0
en_SG,apps++env+stage,Staging,https://philips.com,https://philips.com/0,https://d1lqe9temigv1p.cloudfront.net,https://philips.com/0
en_SG,apps++env+test,Testing,https://philips.com,https://philips.com/0,https://d1lqe9temigv1p.cloudfront.net,https://philips.com/0
en_US,apps++env+acc,Acceptance,https://philips.com,https://philips.com/0,https://d1lqe9temigv1p.cloudfront.net,https://philips.com/0
en_US,apps++env+dev,Development,https://philips.com,https://philips.com/0,https://d1lqe9temigv1p.cloudfront.net,https://philips.com/0
en_US,apps++env+prod,Production,https://philips.com,https://philips.com/0,https://d1lqe9temigv1p.cloudfront.net,https://philips.com/0
en_US,apps++env+stage,Staging,https://philips.com,https://philips.com/0,https://d1lqe9temigv1p.cloudfront.net,https://philips.com/0
en_US,apps++env+test,Testing,https://philips.com,https://philips.com/0,https://d1lqe9temigv1p.cloudfront.net,https://philips.com/0
en_ZA,apps++env+acc,Acceptance,https://philips.com,https://philips.com/0,https://d1lqe9temigv1p.cloudfront.net,https://philips.com/0
en_ZA,apps++env+dev,Development,https://philips.com,https://philips.com/0,https://d1lqe9temigv1p.cloudfront.net,https://philips.com/0
en_ZA,apps++env+prod,Production,https://philips.com,https://philips.com/0,https://d1lqe9temigv1p.cloudfront.net,https://philips.com/0
en_ZA,apps++env+stage,Staging,https://philips.com,https://philips.com/0,https://d1lqe9temigv1p.cloudfront.net,https://philips.com/0
en_ZA,apps++env+test,Testing,https://philips.com,https://philips.com/0,https://d1lqe9temigv1p.cloudfront.net,https://philips.com/0
es_AR,apps++env+acc,Acceptance,https://philips.com,https://philips.com/0,https://d1lqe9temigv1p.cloudfront.net,https://philips.com/0
es_AR,apps++env+dev,Development,https://philips.com,https://philips.com/0,https://d1lqe9temigv1p.cloudfront.net,https://philips.com/0
es_AR,apps++env+prod,Production,https://philips.com,https://philips.com/0,https://d1lqe9temigv1p.cloudfront.net,https://philips.com/0
es_AR,apps++env+stage,Staging,https://philips.com,https://philips.com/0,https://d1lqe9temigv1p.cloudfront.net,https://philips.com/0
es_AR,apps++env+test,Testing,https://philips.com,https://philips.com/0,https://d1lqe9temigv1p.cloudfront.net,https://philips.com/0
es_CL,apps++env+acc,Acceptance,https://philips.com,https://philips.com/0,https://d1lqe9temigv1p.cloudfront.net,https://philips.com/0
es_CL,apps++env+dev,Development,https://philips.com,https://philips.com/0,https://d1lqe9temigv1p.cloudfront.net,https://philips.com/0
es_CL,apps++env+prod,Production,https://philips.com,https://philips.com/0,https://d1lqe9temigv1p.cloudfront.net,https://philips.com/0
es_CL,apps++env+stage,Staging,https://philips.com,https://philips.com/0,https://d1lqe9temigv1p.cloudfront.net,https://philips.com/0
es_CL,apps++env+test,Testing,https://philips.com,https://philips.com/0,https://d1lqe9temigv1p.cloudfront.net,https://philips.com/0
es_CO,apps++env+acc,Acceptance,https://philips.com,https://philips.com/0,https://d1lqe9temigv1p.cloudfront.net,https://philips.com/0
es_CO,apps++env+dev,Development,https://philips.com,https://philips.com/0,https://d1lqe9temigv1p.cloudfront.net,https://philips.com/0
es_CO,apps++env+prod,Production,https://philips.com,https://philips.com/0,https://d1lqe9temigv1p.cloudfront.net,https://philips.com/0
es_CO,apps++env+stage,Staging,https://philips.com,https://philips.com/0,https://d1lqe9temigv1p.cloudfront.net,https://philips.com/0
es_CO,apps++env+test,Testing,https://philips.com,https://philips.com/0,https://d1lqe9temigv1p.cloudfront.net,https://philips.com/0
es_ES,apps++env+acc,Acceptance,https://philips.com,https://philips.com/0,https://d1lqe9temigv1p.cloudfront.net,https://philips.com/0
es_ES,apps++env+dev,Development,https://philips.com,https://philips.com/0,https://d1lqe9temigv1p.cloudfront.net,https://philips.com/0
es_ES,apps++env+prod,Production,https://philips.com,https://philips.com/0,https://d1lqe9temigv1p.cloudfront.net,https://philips.com/0
es_ES,apps++env+stage,Staging,https://philips.com,https://philips.com/0,https://d1lqe9temigv1p.cloudfront.net,https://philips.com/0
es_ES,apps++env+test,Testing,https://philips.com,https://philips.com/0,https://d1lqe9temigv1p.cloudfront.net,https://philips.com/0
es_MX,apps++env+acc,Acceptance,https://philips.com,https://philips.com/0,https://d1lqe9temigv1p.cloudfront.net,https://philips.com/0
es_MX,apps++env+dev,Development,https://philips.com,https://philips.com/0,https://d1lqe9temigv1p.cloudfront.net,https://philips.com/0
es_MX,apps++env+prod,Production,https://philips.com,https://philips.com/0,https://d1lqe9temigv1p.cloudfront.net,https://philips.com/0
es_MX,apps++env+stage,Staging,https://philips.com,https://philips.com/0,https://d1lqe9temigv1p.cloudfront.net,https://philips.com/0
es_MX,apps++env+test,Testing,https://philips.com,https://philips.com/0,https://d1lqe9temigv1p.cloudfront.net,https://philips.com/0
es_PE,apps++env+acc,Acceptance,https://philips.com,https://philips.com/0,https://d1lqe9temigv1p.cloudfront.net,https://philips.com/0
es_PE,apps++env+dev,Development,https://philips.com,https://philips.com/0,https://d1lqe9temigv1p.cloudfront.net,https://philips.com/0
es_PE,apps++env+prod,Production,https://philips.com,https://philips.com/0,https://d1lqe9temigv1p.cloudfront.net,https://philips.com/0
es_PE,apps++env+stage,Staging,https://philips.com,https://philips.com/0,https://d1lqe9temigv1p.cloudfront.net,https://philips.com/0
es_PE,apps++env+test,Testing,https://philips.com,https://philips.com/0,https://d1lqe9temigv1p.cloudfront.net,https://philips.com/0
et_EE,apps++env+acc,Acceptance,https://philips.com,https://philips.com/0,https://d1lqe9temigv1p.cloudfront.net,https://philips.com/0
et_EE,apps++env+dev,Development,https://philips.com,https://philips.com/0,https://d1lqe9temigv1p.cloudfront.net,https://philips.com/0
et_EE,apps++env+prod,Production,https://philips.com,https://philips.com/0,https://d1lqe9temigv1p.cloudfront.net,https://philips.com/0
et_EE,apps++env+stage,Staging,https://philips.com,https://philips.com/0,https://d1lqe9temigv1p.cloudfront.net,https://philips.com/0
et_EE,apps++env+test,Testing,https://philips.com,https://philips.com/0,https://d1lqe9temigv1p.cloudfront.net,https://philips.com/0
fi_FI,apps++env+acc,Acceptance,https://philips.com,https://philips.com/0,https://d1lqe9temigv1p.cloudfront.net,https://philips.com/0
fi_FI,apps++env+dev,Development,https://philips.com,https://philips.com/0,https://d1lqe9temigv1p.cloudfront.net,https://philips.com/0
fi_FI,apps++env+prod,Production,https://philips.com,https://philips.com/0,https://d1lqe9temigv1p.cloudfront.net,https://philips.com/0
fi_FI,apps++env+stage,Staging,https://philips.com,https://philips.com/0,https://d1lqe9temigv1p.cloudfront.net,https://philips.com/0
fi_FI,apps++env+test,Testing,https://philips.com,https://philips.com/0,https://d1lqe9temigv1p.cloudfront.net,https://philips.com/0
fr_BE,apps++env+acc,Acceptance,https://philips.com,https://philips.com/0,https://d1lqe9temigv1p.cloudfront.net,https://philips.com/0
fr_BE,apps++env+dev,Development,https://philips.com,https://philips.com/0,https://d1lqe9temigv1p.cloudfront.net,https://philips.com/0
fr_BE,apps++env+prod,Production,https://philips.com,https://philips.com/0,https://d1lqe9temigv1p.cloudfront.net,https://philips.com/0
fr_BE,apps++env+stage,Staging,https://philips.com,https://philips.com/0,https://d1lqe9temigv1p.cloudfront.net,https://philips.com/0
fr_BE,apps++env+test,Testing,https://philips.com,https://philips.com/0,https://d1lqe9temigv1p.cloudfront.net,https://philips.com/0
fr_CA,apps++env+acc,Acceptance,https://philips.com,https://philips.com/0,https://d1lqe9temigv1p.cloudfront.net,https://philips.com/0
fr_CA,apps++env+dev,Development,https://philips.com,https://philips.com/0,https://d1lqe9temigv1p.cloudfront.net,https://philips.com/0
fr_CA,apps++env+prod,Production,https://philips.com,https://philips.com/0,https://d1lqe9temigv1p.cloudfront.net,https://philips.com/0
fr_CA,apps++env+stage,Staging,https://philips.com,https://philips.com/0,https://d1lqe9temigv1p.cloudfront.net,https://philips.com/0
fr_CA,apps++env+test,Testing,https://philips.com,https://philips.com/0,https://d1lqe9temigv1p.cloudfront.net,https://philips.com/0
fr_CH,apps++env+acc,Acceptance,https://philips.com,https://philips.com/0,https://d1lqe9temigv1p.cloudfront.net,https://philips.com/0
fr_CH,apps++env+dev,Development,https://philips.com,https://philips.com/0,https://d1lqe9temigv1p.cloudfront.net,https://philips.com/0
fr_CH,apps++env+prod,Production,https://philips.com,https://philips.com/0,https://d1lqe9temigv1p.cloudfront.net,https://philips.com/0
fr_CH,apps++env+stage,Staging,https://philips.com,https://philips.com/0,https://d1lqe9temigv1p.cloudfront.net,https://philips.com/0
fr_CH,apps++env+test,Testing,https://philips.com,https://philips.com/0,https://d1lqe9temigv1p.cloudfront.net,https://philips.com/0
fr_FR,apps++env+acc,Acceptance,https://philips.com,https://philips.com/0,https://d1lqe9temigv1p.cloudfront.net,https://philips.com/0
fr_FR,apps++env+dev,Development,https://philips.com,https://philips.com/0,https://d1lqe9temigv1p.cloudfront.net,https://philips.com/0
fr_FR,apps++env+prod,Production,https://philips.com,https://philips.com/0,https://d1lqe9temigv1p.cloudfront.net,https://philips.com/0
fr_FR,apps++env+stage,Staging,https://philips.com,https://philips.com/0,https://d1lqe9temigv1p.cloudfront.net,https://philips.com/0
fr_FR,apps++env+test,Testing,https://philips.com,https://philips.com/0,https://d1lqe9temigv1p.cloudfront.net,https://philips.com/0
hr_HR,apps++env+acc,Acceptance,https://philips.com,https://philips.com/0,https://d1lqe9temigv1p.cloudfront.net,https://philips.com/0
hr_HR,apps++env+dev,Development,https://philips.com,https://philips.com/0,https://d1lqe9temigv1p.cloudfront.net,https://philips.com/0
hr_HR,apps++env+prod,Production,https://philips.com,https://philips.com/0,https://d1lqe9temigv1p.cloudfront.net,https://philips.com/0
hr_HR,apps++env+stage,Staging,https://philips.com,https://philips.com/0,https://d1lqe9temigv1p.cloudfront.net,https://philips.com/0
hr_HR,apps++env+test,Testing,https://philips.com,https://philips.com/0,https://d1lqe9temigv1p.cloudfront.net,https://philips.com/0
hu_HU,apps++env+acc,Acceptance,https://philips.com,https://philips.com/0,https://d1lqe9temigv1p.cloudfront.net,https://philips.com/0
hu_HU,apps++env+dev,Development,https://philips.com,https://philips.com/0,https://d1lqe9temigv1p.cloudfront.net,https://philips.com/0
hu_HU,apps++env+prod,Production,https://philips.com,https://philips.com/0,https://d1lqe9temigv1p.cloudfront.net,https://philips.com/0
hu_HU,apps++env+stage,Staging,https://philips.com,https://philips.com/0,https://d1lqe9temigv1p.cloudfront.net,https://philips.com/0
hu_HU,apps++env+test,Testing,https://philips.com,https://philips.com/0,https://d1lqe9temigv1p.cloudfront.net,https://philips.com/0
it_IT,apps++env+acc,Acceptance,https://philips.com,https://philips.com/0,https://d1lqe9temigv1p.cloudfront.net,https://philips.com/0
it_IT,apps++env+dev,Development,https://philips.com,https://philips.com/0,https://d1lqe9temigv1p.cloudfront.net,https://philips.com/0
it_IT,apps++env+prod,Production,https://philips.com,https://philips.com/0,https://d1lqe9temigv1p.cloudfront.net,https://philips.com/0
it_IT,apps++env+stage,Staging,https://philips.com,https://philips.com/0,https://d1lqe9temigv1p.cloudfront.net,https://philips.com/0
it_IT,apps++env+test,Testing,https://philips.com,https://philips.com/0,https://d1lqe9temigv1p.cloudfront.net,https://philips.com/0
ja_JP,apps++env+acc,Acceptance,https://philips.com,https://philips.com/0,https://d1lqe9temigv1p.cloudfront.net,https://philips.com/0
ja_JP,apps++env+dev,Development,https://philips.com,https://philips.com/0,https://d1lqe9temigv1p.cloudfront.net,https://philips.com/0
ja_JP,apps++env+prod,Production,https://philips.com,https://philips.com/0,https://d1lqe9temigv1p.cloudfront.net,https://philips.com/0
ja_JP,apps++env+stage,Staging,https://philips.com,https://philips.com/0,https://d1lqe9temigv1p.cloudfront.net,https://philips.com/0
ja_JP,apps++env+test,Testing,https://philips.com,https://philips.com/0,https://d1lqe9temigv1p.cloudfront.net,https://philips.com/0
ko_KR,apps++env+acc,Acceptance,https://philips.com,https://philips.com/0,https://d1lqe9temigv1p.cloudfront.net,https://philips.com/0
ko_KR,apps++env+dev,Development,https://philips.com,https://philips.com/0,https://d1lqe9temigv1p.cloudfront.net,https://philips.com/0
ko_KR,apps++env+prod,Production,https://philips.com,https://philips.com/0,https://d1lqe9temigv1p.cloudfront.net,https://philips.com/0
ko_KR,apps++env+stage,Staging,https://philips.com,https://philips.com/0,https://d1lqe9temigv1p.cloudfront.net,https://philips.com/0
ko_KR,apps++env+test,Testing,https://philips.com,https://philips.com/0,https://d1lqe9temigv1p.cloudfront.net,https://philips.com/0
lt_LT,apps++env+acc,Acceptance,https://philips.com,https://philips.com/0,https://d1lqe9temigv1p.cloudfront.net,https://philips.com/0
lt_LT,apps++env+dev,Development,https://philips.com,https://philips.com/0,https://d1lqe9temigv1p.cloudfront.net,https://philips.com/0
lt_LT,apps++env+prod,Production,https://philips.com,https://philips.com/0,https://d1lqe9temigv1p.cloudfront.net,https://philips.com/0
lt_LT,apps++env+stage,Staging,https://philips.com,https://philips.com/0,https://d1lqe9temigv1p.cloudfront.net,https://philips.com/0
lt_LT,apps++env+test,Testing,https://philips.com,https://philips.com/0,https://d1lqe9temigv1p.cloudfront.net,https://philips.com/0
lv_LV,apps++env+acc,Acceptance,https://philips.com,https://philips.com/0,https://d1lqe9temigv1p.cloudfront.net,https://philips.com/0
lv_LV,apps++env+dev,Development,https://philips.com,https://philips.com/0,https://d1lqe9temigv1p.cloudfront.net,https://philips.com/0
lv_LV,apps++env+prod,Production,https://philips.com,https://philips.com/0,https://d1lqe9temigv1p.cloudfront.net,https://philips.com/0
lv_LV,apps++env+stage,Staging,https://philips.com,https://philips.com/0,https://d1lqe9temigv1p.cloudfront.net,https://philips.com/0
lv_LV,apps++env+test,Testing,https://philips.com,https://philips.com/0,https://d1lqe9temigv1p.cloudfront.net,https://philips.com/0
nl_BE,apps++env+acc,Acceptance,https://philips.com,https://philips.com/0,https://d1lqe9temigv1p.cloudfront.net,https://philips.com/0
nl_BE,apps++env+dev,Development,https://philips.com,https://philips.com/0,https://d1lqe9temigv1p.cloudfront.net,https://philips.com/0
nl_BE,apps++env+prod,Production,https://philips.com,https://philips.com/0,https://d1lqe9temigv1p.cloudfront.net,https://philips.com/0
nl_BE,apps++env+stage,Staging,https://philips.com,https://philips.com/0,https://d1lqe9temigv1p.cloudfront.net,https://philips.com/0
nl_BE,apps++env+test,Testing,https://philips.com,https://philips.com/0,https://d1lqe9temigv1p.cloudfront.net,https://philips.com/0
nl_NL,apps++env+acc,Acceptance,https://philips.com,https://philips.com/0,https://d1lqe9temigv1p.cloudfront.net,https://philips.com/0
nl_NL,apps++env+dev,Development,https://philips.com,https://philips.com/0,https://d1lqe9temigv1p.cloudfront.net,https://philips.com/0
nl_NL,apps++env+prod,Production,https://philips.com,https://philips.com/0,https://d1lqe9temigv1p.cloudfront.net,https://philips.com/0
nl_NL,apps++env+stage,Staging,https://philips.com,https://philips.com/0,https://d1lqe9temigv1p.cloudfront.net,https://philips.com/0
nl_NL,apps++env+test,Testing,https://philips.com,https://philips.com/0,https://d1lqe9temigv1p.cloudfront.net,https://philips.com/0
no_NO,apps++env+acc,Acceptance,https://philips.com,https://philips.com/0,https://d1lqe9temigv1p.cloudfront.net,https://philips.com/0
no_NO,apps++env+dev,Development,https://philips.com,https://philips.com/0,https://d1lqe9temigv1p.cloudfront.net,https://philips.com/0
no_NO,apps++env+prod,Production,https://philips.com,https://philips.com/0,https://d1lqe9temigv1p.cloudfront.net,https://philips.com/0
no_NO,apps++env+stage,Staging,https://philips.com,https://philips.com/0,https://d1lqe9temigv1p.cloudfront.net,https://philips.com/0
no_NO,apps++env+test,Testing,https://philips.com,https://philips.com/0,https://d1lqe9temigv1p.cloudfront.net,https://philips.com/0
pl_PL,apps++env+acc,Acceptance,https://philips.com,https://philips.com/0,https://d1lqe9temigv1p.cloudfront.net,https://philips.com/0
pl_PL,apps++env+dev,Development,https://philips.com,https://philips.com/0,https://d1lqe9temigv1p.cloudfront.net,https://philips.com/0
pl_PL,apps++env+prod,Production,https://philips.com,https://philips.com/0,https://d1lqe9temigv1p.cloudfront.net,https://philips.com/0
pl_PL,apps++env+stage,Staging,https://philips.com,https://philips.com/0,https://d1lqe9temigv1p.cloudfront.net,https://philips.com/0
pl_PL,apps++env+test,Testing,https://philips.com,https://philips.com/0,https://d1lqe9temigv1p.cloudfront.net,https://philips.com/0
pt_BR,apps++env+acc,Acceptance,https://philips.com,https://philips.com/0,https://d1lqe9temigv1p.cloudfront.net,https://philips.com/0
pt_BR,apps++env+dev,Development,https://philips.com,https://philips.com/0,https://d1lqe9temigv1p.cloudfront.net,https://philips.com/0
pt_BR,apps++env+prod,Production,https://philips.com,https://philips.com/0,https://d1lqe9temigv1p.cloudfront.net,https://philips.com/0
pt_BR,apps++env+stage,Staging,https://philips.com,https://philips.com/0,https://d1lqe9temigv1p.cloudfront.net,https://philips.com/0
pt_BR,apps++env+test,Testing,https://philips.com,https://philips.com/0,https://d1lqe9temigv1p.cloudfront.net,https://philips.com/0
pt_PT,apps++env+acc,Acceptance,https://philips.com,https://philips.com/0,https://d1lqe9temigv1p.cloudfront.net,https://philips.com/0
pt_PT,apps++env+dev,Development,https://philips.com,https://philips.com/0,https://d1lqe9temigv1p.cloudfront.net,https://philips.com/0
pt_PT,apps++env+prod,Production,https://philips.com,https://philips.com/0,https://d1lqe9temigv1p.cloudfront.net,https://philips.com/0
pt_PT,apps++env+stage,Staging,https://philips.com,https://philips.com/0,https://d1lqe9temigv1p.cloudfront.net,https://philips.com/0
pt_PT,apps++env+test,Testing,https://philips.com,https://philips.com/0,https://d1lqe9temigv1p.cloudfront.net,https://philips.com/0
ro_RO,apps++env+acc,Acceptance,https://philips.com,https://philips.com/0,https://d1lqe9temigv1p.cloudfront.net,https://philips.com/0
ro_RO,apps++env+dev,Development,https://philips.com,https://philips.com/0,https://d1lqe9temigv1p.cloudfront.net,https://philips.com/0
ro_RO,apps++env+prod,Production,https://philips.com,https://philips.com/0,https://d1lqe9temigv1p.cloudfront.net,https://philips.com/0
ro_RO,apps++env+stage,Staging,https://philips.com,https://philips.com/0,https://d1lqe9temigv1p.cloudfront.net,https://philips.com/0
ro_RO,apps++env+test,Testing,https://philips.com,https://philips.com/0,https://d1lqe9temigv1p.cloudfront.net,https://philips.com/0
ru_RU,apps++env+acc,Acceptance,https://philips.com,https://philips.com/0,https://d1lqe9temigv1p.cloudfront.net,https://philips.com/0
ru_RU,apps++env+dev,Development,https://philips.com,https://philips.com/0,https://d1lqe9temigv1p.cloudfront.net,https://philips.com/0
ru_RU,apps++env+prod,Production,https://philips.com,https://philips.com/0,https://d1lqe9temigv1p.cloudfront.net,https://philips.com/0
ru_RU,apps++env+stage,Staging,https://philips.com,https://philips.com/0,https://d1lqe9temigv1p.cloudfront.net,https://philips.com/0
ru_RU,apps++env+test,Testing,https://philips.com,https://philips.com/0,https://d1lqe9temigv1p.cloudfront.net,https://philips.com/0
ru_UA,apps++env+acc,Acceptance,https://philips.com,https://philips.com/0,https://d1lqe9temigv1p.cloudfront.net,https://philips.com/0
ru_UA,apps++env+dev,Development,https://philips.com,https://philips.com/0,https://d1lqe9temigv1p.cloudfront.net,https://philips.com/0
ru_UA,apps++env+prod,Production,https://philips.com,https://philips.com/0,https://d1lqe9temigv1p.cloudfront.net,https://philips.com/0
ru_UA,apps++env+stage,Staging,https://philips.com,https://philips.com/0,https://d1lqe9temigv1p.cloudfront.net,https://philips.com/0
ru_UA,apps++env+test,Testing,https://philips.com,https://philips.com/0,https://d1lqe9temigv1p.cloudfront.net,https://philips.com/0
sl_SI,apps++env+acc,Acceptance,https://philips.com,https://philips.com/0,https://d1lqe9temigv1p.cloudfront.net,https://philips.com/0
sl_SI,apps++env+dev,Development,https://philips.com,https://philips.com/0,https://d1lqe9temigv1p.cloudfront.net,https://philips.com/0
sl_SI,apps++env+prod,Production,https://philips.com,https://philips.com/0,https://d1lqe9temigv1p.cloudfront.net,https://philips.com/0
sl_SI,apps++env+stage,Staging,https://philips.com,https://philips.com/0,https://d1lqe9temigv1p.cloudfront.net,https://philips.com/0
sl_SI,apps++env+test,Testing,https://philips.com,https://philips.com/0,https://d1lqe9temigv1p.cloudfront.net,https://philips.com/0
sk_SK,apps++env+acc,Acceptance,https://philips.com,https://philips.com/0,https://d1lqe9temigv1p.cloudfront.net,https://philips.com/0
sk_SK,apps++env+dev,Development,https://philips.com,https://philips.com/0,https://d1lqe9temigv1p.cloudfront.net,https://philips.com/0
sk_SK,apps++env+prod,Production,https://philips.com,https://philips.com/0,https://d1lqe9temigv1p.cloudfront.net,https://philips.com/0
sk_SK,apps++env+stage,Staging,https://philips.com,https://philips.com/0,https://d1lqe9temigv1p.cloudfront.net,https://philips.com/0
sk_SK,apps++env+test,Testing,https://philips.com,https://philips.com/0,https://d1lqe9temigv1p.cloudfront.net,https://philips.com/0
sv_SE,apps++env+acc,Acceptance,https://philips.com,https://philips.com/0,https://d1lqe9temigv1p.cloudfront.net,https://philips.com/0
sv_SE,apps++env+dev,Development,https://philips.com,https://philips.com/0,https://d1lqe9temigv1p.cloudfront.net,https://philips.com/0
sv_SE,apps++env+prod,Production,https://philips.com,https://philips.com/0,https://d1lqe9temigv1p.cloudfront.net,https://philips.com/0
sv_SE,apps++env+stage,Staging,https://philips.com,https://philips.com/0,https://d1lqe9temigv1p.cloudfront.net,https://philips.com/0
sv_SE,apps++env+test,Testing,https://philips.com,https://philips.com/0,https://d1lqe9temigv1p.cloudfront.net,https://philips.com/0
th_TH,apps++env+acc,Acceptance,https://philips.com,https://philips.com/0,https://d1lqe9temigv1p.cloudfront.net,https://philips.com/0
th_TH,apps++env+dev,Development,https://philips.com,https://philips.com/0,https://d1lqe9temigv1p.cloudfront.net,https://philips.com/0
th_TH,apps++env+prod,Production,https://philips.com,https://philips.com/0,https://d1lqe9temigv1p.cloudfront.net,https://philips.com/0
th_TH,apps++env+stage,Staging,https://philips.com,https://philips.com/0,https://d1lqe9temigv1p.cloudfront.net,https://philips.com/0
th_TH,apps++env+test,Testing,https://philips.com,https://philips.com/0,https://d1lqe9temigv1p.cloudfront.net,https://philips.com/0
tr_TR,apps++env+acc,Acceptance,https://philips.com,https://philips.com/0,https://d1lqe9temigv1p.cloudfront.net,https://philips.com/0
tr_TR,apps++env+dev,Development,https://philips.com,https://philips.com/0,https://d1lqe9temigv1p.cloudfront.net,https://philips.com/0
tr_TR,apps++env+prod,Production,https://philips.com,https://philips.com/0,https://d1lqe9temigv1p.cloudfront.net,https://philips.com/0
tr_TR,apps++env+stage,Staging,https://philips.com,https://philips.com/0,https://d1lqe9temigv1p.cloudfront.net,https://philips.com/0
tr_TR,apps++env+test,Testing,https://philips.com,https://philips.com/0,https://d1lqe9temigv1p.cloudfront.net,https://philips.com/0
vi_VN,apps++env+acc,Acceptance,https://philips.com,https://philips.com/0,https://d1lqe9temigv1p.cloudfront.net,https://philips.com/0
vi_VN,apps++env+dev,Development,https://philips.com,https://philips.com/0,https://d1lqe9temigv1p.cloudfront.net,https://philips.com/0
vi_VN,apps++env+prod,Production,https://philips.com,https://philips.com/0,https://d1lqe9temigv1p.cloudfront.net,https://philips.com/0
vi_VN,apps++env+stage,Staging,https://philips.com,https://philips.com/0,https://d1lqe9temigv1p.cloudfront.net,https://philips.com/0
vi_VN,apps++env+test,Testing,https://philips.com,https://philips.com/0,https://d1lqe9temigv1p.cloudfront.net,https://philips.com/0
zh_CN,apps++env+acc,Acceptance,https://philips.com,https://philips.com/0,https://d1lqe9temigv1p.cloudfront.net,https://philips.com/0
zh_CN,apps++env+dev,Development,https://philips.com,https://philips.com/0,https://d1lqe9temigv1p.cloudfront.net,https://philips.com/0
zh_CN,apps++env+prod,Production,https://philips.com,https://philips.com/0,https://d1lqe9temigv1p.cloudfront.net,https://philips.com/0
zh_CN,apps++env+stage,Staging,https://philips.com,https://philips.com/0,https://d1lqe9temigv1p.cloudfront.net,https://philips.com/0
zh_CN,apps++env+test,Testing,https://philips.com,https://philips.com/0,https://d1lqe9temigv1p.cloudfront.net,https://philips.com/0
zh_HK,apps++env+acc,Acceptance,https://philips.com,https://philips.com/0,https://d1lqe9temigv1p.cloudfront.net,https://philips.com/0
zh_HK,apps++env+dev,Development,https://philips.com,https://philips.com/0,https://d1lqe9temigv1p.cloudfront.net,https://philips.com/0
zh_HK,apps++env+prod,Production,https://philips.com,https://philips.com/0,https://d1lqe9temigv1p.cloudfront.net,https://philips.com/0
zh_HK,apps++env+stage,Staging,https://philips.com,https://philips.com/0,https://d1lqe9temigv1p.cloudfront.net,https://philips.com/0
zh_HK,apps++env+test,Testing,https://philips.com,https://philips.com/0,https://d1lqe9temigv1p.cloudfront.net,https://philips.com/0
zh_TW,apps++env+acc,Acceptance,https://philips.com,https://philips.com/0,https://d1lqe9temigv1p.cloudfront.net,https://philips.com/0
zh_TW,apps++env+dev,Development,https://philips.com,https://philips.com/0,https://d1lqe9temigv1p.cloudfront.net,https://philips.com/0
zh_TW,apps++env+prod,Production,https://philips.com,https://philips.com/0,https://d1lqe9temigv1p.cloudfront.net,https://philips.com/0
zh_TW,apps++env+stage,Staging,https://philips.com,https://philips.com/0,https://d1lqe9temigv1p.cloudfront.net,https://philips.com/0
zh_TW,apps++env+test,Testing,https://philips.com,https://philips.com/0,https://d1lqe9temigv1p.cloudfront.net,https://philips.com/0